<?xml version="1.0" encoding="UTF-8"?>

<faces-config xmlns="http://java.sun.com/xml/ns/javaee"
	xmlns:xsi="http://www.w3.org/2001/XMLSchema-instance"
	xsi:schemaLocation="http://java.sun.com/xml/ns/javaee http://java.sun.com/xml/ns/javaee/web-facesconfig_2_1.xsd"
	version="2.1">

	<managed-bean>

		<managed-bean-name>UsuarioBean</managed-bean-name>
		<managed-bean-class>com.caccWeb.managedbean.UsuarioBean</managed-bean-class>
		<managed-bean-scope>request</managed-bean-scope>

	</managed-bean>


	<navigation-rule>
		<from-view-id>login.xhtml</from-view-id>
		<navigation-case>
			<from-outcome>OK</from-outcome>
			<to-view-id>index.xhtml</to-view-id>
		</navigation-case>
	</navigation-rule>
	
	<application>
		<resource-bundle>
			<base-name>com.corejsf.messages</base-name>
			<var>msgs</var>
		</resource-bundle>
	</application>
	<application>
	  <message-bundle>
	  	com.caccWeb.mensagens.MensagensCustomizadas
	  </message-bundle>
     </application>

</faces-config>
